{
  "version": 1,
  "author": "Never Mind",
  "editor": "wokwi",
  "parts": [
    { "type": "wokwi-arduino-uno", "id": "uno", "top": 0, "left": 0, "attrs": {} },
    { "type": "wokwi-7segment", "id": "sevseg1", "top": -113.29, "left": 183.75, "attrs": {} },
    {
      "type": "wokwi-resistor",
      "id": "r1",
      "top": -155.65,
      "left": 218,
      "attrs": { "value": "1000" }
    }
  ],
  "connections": [
    [ "sevseg1:E", "uno:7", "green", [ "v0" ] ],
    [ "sevseg1:D", "uno:6", "green", [ "v0" ] ],
    [ "sevseg1:C", "uno:4", "green", [ "v0" ] ],
    [ "sevseg1:DP", "uno:5", "green", [ "v21.54", "h-20.01", "v-0.67" ] ],
    [ "sevseg1:B", "uno:3", "green", [ "v2.24", "h9.33", "v98.67", "h-11.33" ] ],
    [ "sevseg1:A", "uno:2", "green", [ "v-13.76", "h28.93", "v117.33", "h-11.33", "v2" ] ],
    [ "sevseg1:F", "uno:8", "green", [ "v-11.76", "h0.8" ] ],
    [ "sevseg1:G", "uno:9", "green", [ "v1.58", "h-22.27" ] ],
    [ "sevseg1:COM.2", "r1:1", "green", [ "h-2.14", "v-37.76" ] ],
    [ "r1:2", "uno:5V", "green", [ "v-0.48", "h14.9", "v358.65", "h-129.77" ] ]
  ],
  "dependencies": {}
}